{"model":{"version":3,"nodes":[{"name":"RootNode","position":[0,0,0],"rotation":[0,0,0],"scale":[0.01,0.01,0.01],"scaleCompensation":false},{"name":"t_sky05","position":[0,0,0],"rotation":[90,-0,0],"scale":[0.07,0.07,0.07],"scaleCompensation":false}],"parents":[-1,0],"skins":[],"morphs":[],"vertices":[{"position":{"type":"float32","components":3,"data":[167469,-111899,-301436,138736,0,-334938,98101.1,-98101,-334938,213148,-142421,-256351,334938,0,-138736,181267,-181267,-256351,278491,-186081,-138736,142421,-142421,-301436,236837,-236837,-138736,-138736,334938,0,-115355,278491,-201413,-0.0594241,362534,0,-0.0494093,301436,-201413,0.0620198,-138736,-334938,128175,-309442,-138736,0.149729,-334938,-138736,362535,0,0,236837,236837,-138736,256351,256351,0,295644,-197543,-70727,256350,-256350,0,251425,-251425,-70727,-0.0227406,138736,-334938,53091.9,128175,-334938,-115355,-77077.6,-334938,-197543,39293.7,-301436,-167469,-111899,-301436,-77077.6,115355,-334938,0.0620198,-138736,-334938,-0.0227406,138736,-334938,-111899,167469,-301436,111899,167469,-301436,213148,213148,-201413,167469,250635,-201413,77077.5,186082,-301436,-167469,250635,-201413,-0.0494093,301436,-201413,0.162066,-362534,0,138736,-334938,0,-0.0594241,362534,0,-236837,-236837,-138736,-250635,-167469,-201413,-278491,-186082,-138736,0.149729,-334938,-138736,-295644,58807.2,-201413,-250635,167469,-201413,-334938,-138736,0,-355568,-0.116564,-70727,-362534,-0.118848,0,-309442,-128175,-138736,-348736,69367.8,-70727,-256350,-256351,0,0.162066,-362534,0,-301436,201413,0]},"normal":{"type":"float32","components":3,"data":[-0.504904,0.468866,0.724732,-0.469476,-0.0114811,0.882871,-0.334218,0.313042,0.88899,-0.488602,0.470234,0.734948,-0.902135,-0.0337093,0.430134,-0.500166,0.467358,0.728979,-0.800332,0.420212,0.427657,-0.504272,0.452198,0.735681,-0.568215,0.656354,0.496318,0.418794,-0.888221,0.188876,0.291578,-0.790404,0.538742,-0.0799998,-0.971309,0.223961,-0.0457019,-0.858671,0.510485,0.0745315,0.466666,0.881288,-0.326236,0.828896,0.454424,0.0640767,0.890415,0.450618,-0.99784,-0.0244626,0.0609649,-0.641323,-0.672756,0.368923,-0.692932,-0.707478,0.138997,-0.791544,0.590236,0.158364,-0.799412,0.596901,0.0681951,-0.792106,0.589483,0.158364,0.0443081,-0.38048,0.923727,-0.263246,-0.311551,0.913038,0.238219,0.357026,0.903208,0.494068,-0.0795482,0.865776,0.429693,0.387337,0.81568,0.181097,-0.367808,0.912097,0.0745315,0.466666,0.881288,0.0443081,-0.38048,0.923727,0.305467,-0.441098,0.843874,-0.405677,-0.502266,0.763646,-0.550156,-0.652749,0.520813,-0.412055,-0.739425,0.53241,-0.41346,-0.483631,0.771461,0.509625,-0.665116,0.545805,-0.0457019,-0.858671,0.510485,0.0942148,0.989956,0.105404,-0.396141,0.911192,0.113144,-0.0799998,-0.971309,0.223961,0.490276,0.758092,0.430032,0.625886,0.440916,0.643319,0.762635,0.520086,0.384577,0.0640767,0.890415,0.450618,0.845833,-0.120153,0.519741,0.714135,-0.505289,0.484453,0.909707,0.366853,0.194557,0.942181,-0.117796,0.313719,0.968369,-0.11687,0.220462,0.88873,0.358172,0.286132,0.942659,-0.113815,0.313752,0.634552,0.767097,0.0943744,0.0942148,0.989956,0.105404,0.795182,-0.586473,0.154063]},"color":{"type":"uint8","components":4,"data":[0,0,0,255,0,0,0,255,0,0,0,255,0,0,0,255,29,29,29,255,0,0,0,255,29,29,29,255,0,0,0,255,29,29,29,255,29,29,29,255,29,29,29,255,29,29,29,255,29,29,29,255,0,0,0,255,29,29,29,255,29,29,29,255,29,29,29,255,29,29,29,255,29,29,29,255,29,29,29,255,29,29,29,255,29,29,29,255,0,0,0,255,0,0,0,255,0,0,0,255,0,0,0,255,0,0,0,255,0,0,0,255,0,0,0,255,0,0,0,255,0,0,0,255,0,0,0,255,29,29,29,255,29,29,29,255,0,0,0,255,29,29,29,255,29,29,29,255,29,29,29,255,29,29,29,255,29,29,29,255,29,29,29,255,29,29,29,255,29,29,29,255,29,29,29,255,29,29,29,255,29,29,29,255,29,29,29,255,29,29,29,255,29,29,29,255,29,29,29,255,29,29,29,255,29,29,29,255,29,29,29,255,29,29,29,255]},"texCoord0":{"type":"float32","components":2,"data":[0.3126,0.341178,0.5001,0.398181,0.2501,0.398181,0.3126,0.265219,0.5001,0.12955,0.2501,0.265219,0.3126,0.12955,0.2501,0.341178,0.2501,0.12955,0.1251,0.50065,0.1251,0.690614,0.0013277,0.50065,0.0013277,0.690614,0.00132751,0.398181,0.1251,0.12955,0.00132751,0.12955,0.5001,0.000649989,0.7501,0.12955,0.7501,0.000649989,0.3126,0.0671308,0.2501,0.000649989,0.2501,0.0671308,0.999313,0.398181,0.8751,0.398181,0.6876,0.898181,0.4376,0.841178,0.6876,0.841178,0.1876,0.898181,0.999312,0.898181,0.0013277,0.898181,0.1876,0.841178,0.8126,0.341178,0.7501,0.190614,0.8126,0.190614,0.8751,0.341178,0.1876,0.690614,0.999313,0.190614,0.00132751,0.000649989,0.1251,0.000649989,0.999313,0.000649989,0.7501,0.62955,0.6876,0.690614,0.6876,0.62955,0.999312,0.62955,0.4376,0.690614,0.3126,0.690614,0.6251,0.50065,0.5001,0.567131,0.5001,0.50065,0.6251,0.62955,0.4376,0.567131,0.7501,0.50065,0.999312,0.50065,0.3126,0.50065]}}],"meshes":[{"aabb":{"min":[-362534,-362534,-334938],"max":[362535,362534,0]},"vertices":0,"indices":[0,1,2,3,4,0,5,6,3,1,0,4,2,7,0,4,3,6,6,5,8,9,10,11,11,10,12,13,7,2,7,14,5,14,13,15,14,8,5,3,7,5,7,3,0,13,14,7,16,17,4,17,16,18,16,19,20,19,4,6,19,16,4,20,19,21,22,2,23,23,2,1,2,22,13,24,25,26,25,24,27,28,29,27,28,27,24,25,27,30,1,31,23,1,32,31,4,32,1,32,33,31,31,34,23,32,4,17,30,10,35,12,30,29,30,12,10,29,30,27,33,34,31,34,33,36,23,34,22,36,22,34,37,14,15,14,37,38,39,17,18,39,33,17,33,39,36,32,17,33,40,41,42,28,26,40,26,28,24,28,40,43,41,40,26,26,44,41,44,26,25,38,21,14,21,38,20,21,19,6,21,8,14,8,21,6,25,30,45,45,44,25,45,30,35,46,47,48,47,46,49,50,47,44,49,42,41,49,44,47,44,49,41,42,51,40,51,42,46,49,46,42,51,52,40,52,43,40,50,44,45,48,50,53,45,53,50,50,48,47,53,45,9,9,45,35,9,35,10],"type":"triangles","base":0,"count":249}],"meshInstances":[{"node":1,"mesh":0}]}}